{
    "0": 0.23885117493472596,
    "1": 0.23885117493472596,
    "2": 0.23885117493472596,
    "3": 0.23885117493472596,
    "4": 0.23885117493472596,
    "5": 0.23885117493472596,
    "6": 0.23885117493472596,
    "7": 0.23885117493472596,
    "8": 0.23885117493472596,
    "9": 0.23885117493472596,
    "10": 0.23885117493472596,
    "11": 0.23885117493472596,
    "12": 0.23885117493472596,
    "13": 0.23885117493472596,
    "14": 0.23885117493472596,
    "15": 0.23885117493472596,
    "16": 0.23885117493472596,
    "17": 0.23885117493472596,
    "18": 0.23885117493472596,
    "19": 0.23885117493472596,
    "20": 0.23885117493472596,
    "21": 0.23885117493472596,
    "22": 0.23885117493472596,
    "23": 0.23885117493472596,
    "24": 0.23885117493472596,
    "25": 0.23885117493472596,
    "26": 0.23885117493472596,
    "27": 0.23885117493472596,
    "28": 0.23885117493472596,
    "29": 0.23885117493472596,
    "30": 0.23885117493472596,
    "31": 0.23885117493472596,
    "32": 0.23885117493472596,
    "33": 0.23885117493472596,
    "34": 0.23885117493472596,
    "35": 0.23885117493472596,
    "36": 0.23885117493472582,
    "37": 0.2388511749347259,
    "38": 0.2431005221932116,
    "39": 0.2431005221932116,
    "40": 0.2431005221932116,
    "41": 0.2431005221932116,
    "42": 0.2431005221932116,
    "43": 0.2431005221932116,
    "44": 0.2431005221932116,
    "45": 0.2431005221932116,
    "46": 0.2431005221932116,
    "47": 0.2431005221932116,
    "48": 0.2431005221932116,
    "49": 0.2431005221932116,
    "50": 0.2431005221932116,
    "51": 0.2431005221932116,
    "52": 0.2431005221932116,
    "53": 0.2431005221932116,
    "54": 0.2431005221932116,
    "55": 0.2431005221932116,
    "56": 0.2431005221932116,
    "57": 0.24310052219321146,
    "58": 0.24310052219321154,
    "59": 0.24310052219321143,
    "60": 0.24310052219321152,
    "61": 0.24310052219321143,
    "62": 0.24310052219321152,
    "63": 0.24310052219321146,
    "64": 0.24310052219321154,
    "65": 0.24310052219321143,
    "66": 0.24310052219321152,
    "67": 0.24310052219321146,
    "68": 0.24310052219321154,
    "69": 0.24179503916449097,
    "70": 0.24179503916449097,
    "71": 0.24179503916449097,
    "72": 0.24179503916449097,
    "73": 0.24179503916449097,
    "74": 0.24179503916449097,
    "75": 0.24179503916449097,
    "76": 0.24179503916449097,
    "77": 0.24179503916449097,
    "78": 0.24179503916449097,
    "79": 0.24179503916449097,
    "80": 0.24048955613577036,
    "81": 0.24048955613577033,
    "82": 0.24048955613577033,
    "83": 0.24048955613577033,
    "84": 0.24048955613577033,
    "85": 0.24048955613577033,
    "86": 0.24048955613577033,
    "87": 0.24048955613577033,
    "88": 0.24048955613577033,
    "89": 0.24048955613577033,
    "90": 0.24048955613577033,
    "91": 0.24048955613577033,
    "92": 0.24048955613577033,
    "93": 0.24048955613577033,
    "94": 0.24048955613577033,
    "95": 0.24048955613577033,
    "96": 0.24048955613577036,
    "97": 0.2349347258485641,
    "98": 0.2349347258485641,
    "99": 0.2349347258485641,
    "100": 0.2349347258485641,
    "101": 0.2349347258485641,
    "102": 0.2349347258485641,
    "103": 0.2349347258485641,
    "104": 0.2349347258485641,
    "105": 0.2349347258485641,
    "106": 0.2349347258485641,
    "107": 0.2349347258485641,
    "108": 0.2349347258485641,
    "109": 0.24473890339425597,
    "110": 0.24473890339425597,
    "111": 0.21957571801566575,
    "112": 0.22218668407310702,
    "113": 0.22218668407310702,
    "114": 0.23035248041775458,
    "115": 0.23035248041775452,
    "116": 0.23035248041775452,
    "117": 0.23035248041775452,
    "118": 0.23035248041775452,
    "119": 0.23035248041775452,
    "120": 0.23035248041775452,
    "121": 0.23035248041775452,
    "122": 0.23035248041775458,
    "123": 0.23035248041775452,
    "124": 0.23035248041775458,
    "125": 0.23035248041775452,
    "126": 0.23035248041775452,
    "127": 0.23035248041775452,
    "128": 0.23035248041775452,
    "129": 0.23035248041775452,
    "130": 0.23035248041775458,
    "131": 0.23035248041775458,
    "132": 0.23035248041775458,
    "133": 0.23035248041775452,
    "134": 0.23035248041775458,
    "135": 0.23035248041775458,
    "136": 0.23035248041775458,
    "137": 0.23035248041775452,
    "138": 0.23035248041775452,
    "139": 0.23035248041775452,
    "140": 0.23035248041775458,
    "141": 0.23035248041775452,
    "142": 0.23035248041775452,
    "143": 0.23035248041775452,
    "144": 0.23035248041775452,
    "145": 0.23035248041775452,
    "146": 0.23035248041775452,
    "147": 0.23035248041775452,
    "148": 0.2261031331592689,
    "149": 0.2261031331592689,
    "150": 0.2261031331592689,
    "151": 0.2261031331592689,
    "152": 0.22610313315926892,
    "153": 0.2261031331592689,
    "154": 0.2261031331592689,
    "155": 0.2261031331592689,
    "156": 0.2261031331592689,
    "157": 0.22610313315926892,
    "158": 0.22610313315926892,
    "159": 0.2261031331592689,
    "160": 0.23460182767624022,
    "161": 0.23460182767624022,
    "162": 0.2346018276762402,
    "163": 0.2346018276762402,
    "164": 0.2346018276762402,
    "165": 0.2346018276762402,
    "166": 0.2346018276762402,
    "167": 0.2346018276762402,
    "168": 0.2346018276762402,
    "169": 0.2346018276762402,
    "170": 0.23460182767624016,
    "171": 0.23460182767624016,
    "172": 0.23460182767624033,
    "173": 0.2238250652741514,
    "174": 0.2238250652741514,
    "175": 0.2238250652741514,
    "176": 0.2238250652741514,
    "177": 0.2238250652741514,
    "178": 0.2238250652741514,
    "179": 0.2238250652741514,
    "180": 0.2238250652741514,
    "181": 0.2238250652741514,
    "182": 0.2238250652741514,
    "183": 0.2238250652741514,
    "184": 0.2238250652741514,
    "185": 0.23232375979112285,
    "186": 0.23232375979112285,
    "187": 0.23657310704960846,
    "188": 0.23657310704960846,
    "189": 0.23657310704960846,
    "190": 0.2365731070496085,
    "191": 0.2365731070496085,
    "192": 0.2365731070496085,
    "193": 0.2365731070496085,
    "194": 0.22904699738903395,
    "195": 0.22904699738903395,
    "196": 0.2290469973890339,
    "197": 0.2290469973890339,
    "198": 0.22904699738903395,
    "199": 0.22904699738903395,
    "200": 0.22904699738903395,
    "201": 0.2290469973890339,
    "202": 0.22904699738903395,
    "203": 0.22904699738903395,
    "204": 0.22904699738903395,
    "205": 0.22904699738903395,
    "206": 0.22904699738903395,
    "207": 0.22904699738903395,
    "208": 0.22904699738903395,
    "209": 0.22904699738903395,
    "210": 0.22513054830287205,
    "211": 0.22513054830287205,
    "212": 0.22513054830287205,
    "213": 0.22513054830287205,
    "214": 0.22513054830287205,
    "215": 0.22513054830287205,
    "216": 0.24865535248041787,
    "217": 0.24865535248041787,
    "218": 0.24865535248041787,
    "219": 0.24865535248041787,
    "220": 0.23199086161879895,
    "221": 0.23199086161879895,
    "222": 0.23199086161879895,
    "223": 0.23199086161879895,
    "224": 0.23199086161879895,
    "225": 0.23199086161879895,
    "226": 0.23199086161879895,
    "227": 0.23199086161879895,
    "228": 0.23199086161879892,
    "229": 0.23199086161879892,
    "230": 0.23199086161879892,
    "231": 0.23199086161879892,
    "232": 0.22643603133159268,
    "233": 0.22643603133159268,
    "234": 0.22643603133159268,
    "235": 0.22643603133159268,
    "236": 0.22643603133159268,
    "237": 0.22643603133159268,
    "238": 0.22643603133159268,
    "239": 0.22643603133159268,
    "240": 0.22643603133159268,
    "241": 0.22643603133159268,
    "242": 0.22643603133159268,
    "243": 0.22643603133159268,
    "244": 0.22643603133159268,
    "245": 0.22643603133159268,
    "246": 0.22643603133159268,
    "247": 0.22643603133159268,
    "248": 0.22643603133159268,
    "249": 0.22643603133159268,
    "250": 0.2421279373368147,
    "251": 0.2421279373368147,
    "252": 0.22479765013054828,
    "253": 0.22479765013054828,
    "254": 0.22479765013054828,